{"cameraMode":{"drawMode":0,"name":"Shaded","section":"Shading Mode"},"sceneLighting":false,"audioPlay":false,"sceneViewState":{"showFog":true,"showMaterialUpdate":false,"showSkybox":false,"showFlares":true,"showImageEffects":true,"showParticleSystems":true,"showVisualEffectGraphs":true,"m_FxEnabled":true},"in2DMode":false,"pivot":{"x":-2.4624648094177248,"y":0.37475505471229555,"z":0.8995393514633179},"rotation":{"x":-0.07218565791845322,"y":0.42332470417022707,"z":-0.033846911042928699,"w":-0.9024778604507446},"size":1.2823827266693116,"orthographic":false}