{"cameraMode":{"drawMode":0,"name":"Shaded","section":"Shading Mode"},"sceneLighting":false,"audioPlay":false,"sceneViewState":{"showFog":true,"showMaterialUpdate":false,"showSkybox":false,"showFlares":true,"showImageEffects":true,"showParticleSystems":true,"showVisualEffectGraphs":true,"m_FxEnabled":true},"in2DMode":false,"pivot":{"x":-2.6975369453430177,"y":0.18990623950958253,"z":-1.6097073554992676},"rotation":{"x":-0.2649623155593872,"y":-0.47547075152397158,"z":0.15274010598659516,"w":-0.8248721957206726},"size":0.6823827028274536,"orthographic":false}