{"cameraMode":{"drawMode":0,"name":"Shaded","section":"Shading Mode"},"sceneLighting":false,"audioPlay":false,"sceneViewState":{"showFog":true,"showMaterialUpdate":false,"showSkybox":false,"showFlares":true,"showImageEffects":true,"showParticleSystems":true,"showVisualEffectGraphs":true,"m_FxEnabled":true},"in2DMode":false,"pivot":{"x":-0.6718609929084778,"y":0.23062872886657716,"z":-0.7812279462814331},"rotation":{"x":-0.29114389419555666,"y":-0.5584501028060913,"z":0.21809637546539308,"w":-0.7455359697341919},"size":0.6823827624320984,"orthographic":false}